{"cameraMode":{"drawMode":0,"name":"Shaded","section":"Shading Mode"},"sceneLighting":true,"audioPlay":false,"sceneViewState":{"m_AlwaysRefresh":false,"showFog":true,"showSkybox":true,"showFlares":true,"showImageEffects":true,"showParticleSystems":true,"showVisualEffectGraphs":true,"m_FxEnabled":true},"in2DMode":false,"pivot":{"x":10.993688583374024,"y":0.40744972229003909,"z":3.560394287109375},"rotation":{"x":0.05039306357502937,"y":0.9329039454460144,"z":-0.14415454864501954,"w":0.3261245787143707},"size":23.54841423034668,"orthographic":false}